,STUDY_ID,ACQUISITION_ID,CELL_ID,X,Y,pd1,pdl1,foxp3,tumor,cd8,region_label,entirecell_area_pixels_norm,nucleus_area_pixels_norm,CLUSTER_LABEL
0,697,10906_42238,1,393,22,False,False,False,False,False,1,-0.6779661016949152,-0.6558441558441559,Unassigned
1,697,10906_42238,2,548,38,True,False,False,False,False,1,-0.655367231638418,-0.6298701298701299,pd1_other
2,697,10906_42238,3,599,41,False,False,False,False,False,1,-0.7231638418079096,-0.7012987012987013,Unassigned
3,697,10906_42238,4,339,43,False,False,False,False,False,1,-0.6214689265536724,-0.6038961038961039,Unassigned
4,697,10906_42238,5,396,53,True,False,False,False,False,1,-0.6101694915254238,-0.5974025974025974,pd1_other
5,697,10906_42238,6,430,64,False,False,True,False,False,1,-0.6271186440677966,-0.6103896103896104,foxp3_any
6,697,10906_42238,7,570,86,False,False,False,False,False,1,-0.5649717514124294,-0.5584415584415584,Unassigned
7,697,10906_42238,8,321,88,False,False,False,False,False,1,-0.6214689265536724,-0.6103896103896104,Unassigned
8,697,10906_42238,9,341,111,False,False,False,False,False,1,-0.6384180790960452,-0.6298701298701299,Unassigned
9,697,10906_42238,10,1085,130,False,False,False,False,False,1,-0.5706214689265536,-0.564935064935065,Unassigned
10,697,10906_42238,11,490,131,False,False,False,False,False,1,-0.5819209039548022,-0.564935064935065,Unassigned
11,697,10906_42238,12,480,136,False,False,False,False,False,1,-0.5141242937853108,-0.5194805194805194,Unassigned
12,697,10906_42238,13,445,140,False,False,False,False,False,1,-0.5819209039548022,-0.5714285714285714,Unassigned
13,697,10906_42238,14,1096,140,False,False,False,False,False,1,-0.4915254237288136,-0.4935064935064935,Unassigned
14,697,10906_42238,15,479,152,False,False,False,False,False,1,-0.480225988700565,-0.474025974025974,Unassigned
15,697,10906_42238,16,434,166,False,False,False,False,False,1,-0.5423728813559322,-0.525974025974026,Unassigned
16,697,10906_42238,17,1618,168,False,False,False,False,False,1,-0.5310734463276836,-0.5194805194805194,Unassigned
17,697,10906_42238,18,588,178,False,False,False,False,False,1,-0.7062146892655368,-0.6818181818181818,Unassigned
18,697,10906_42238,19,487,182,False,False,False,False,False,1,-0.5141242937853108,-0.5064935064935064,Unassigned
19,697,10906_42238,20,1381,183,False,False,False,False,False,1,-0.5819209039548022,-0.564935064935065,Unassigned
20,697,10906_42238,21,963,187,False,False,False,False,False,1,-0.6440677966101694,-0.6233766233766234,Unassigned
21,697,10906_42238,22,368,189,False,False,False,False,False,1,-0.6271186440677966,-0.6103896103896104,Unassigned
22,697,10906_42238,23,1207,192,False,False,False,False,False,1,-0.5819209039548022,-0.5714285714285714,Unassigned
23,697,10906_42238,24,489,214,False,False,False,False,False,1,-0.559322033898305,-0.551948051948052,Unassigned
24,697,10906_42238,25,476,220,False,False,False,False,False,1,-0.5932203389830508,-0.577922077922078,Unassigned
25,697,10906_42238,26,633,220,False,False,False,False,False,1,-0.6779661016949152,-0.6623376623376623,Unassigned
26,697,10906_42238,27,637,255,False,True,False,False,False,1,-0.6497175141242938,-0.6363636363636364,pdl1_other
27,697,10906_42238,28,405,262,False,False,False,False,False,1,-0.5536723163841808,-0.5454545454545454,Unassigned
28,697,10906_42238,29,494,273,False,False,False,False,False,1,-0.7288135593220338,-0.7012987012987013,Unassigned
29,697,10906_42238,30,654,281,True,False,False,False,False,1,-0.6610169491525424,-0.6493506493506493,pd1_other
30,697,10906_42238,31,389,301,False,False,False,False,False,1,-0.5706214689265536,-0.564935064935065,Unassigned
31,697,10906_42238,32,567,308,False,False,False,False,False,1,-0.576271186440678,-0.5584415584415584,Unassigned
32,697,10906_42238,33,455,318,False,False,False,False,False,1,-0.5988700564971752,-0.577922077922078,Unassigned
33,697,10906_42238,34,506,319,False,False,False,False,False,1,-0.6271186440677966,-0.6103896103896104,Unassigned
34,697,10906_42238,35,609,319,False,False,False,False,False,1,-0.5988700564971752,-0.5909090909090909,Unassigned
35,697,10906_42238,36,645,328,False,False,False,False,False,1,-0.7288135593220338,-0.7012987012987013,Unassigned
36,697,10906_42238,37,682,328,True,False,False,False,False,1,-0.5141242937853108,-0.5,pd1_other
37,697,10906_42238,38,493,333,False,False,False,False,False,1,-0.7457627118644068,-0.7012987012987013,Unassigned
38,697,10906_42238,39,500,338,False,False,False,False,False,1,-0.5423728813559322,-0.5194805194805194,Unassigned
39,697,10906_42238,40,1661,349,False,False,False,False,False,1,-0.6836158192090396,-0.6623376623376623,Unassigned
40,697,10906_42238,41,625,397,False,False,False,False,False,1,-0.6384180790960452,-0.6233766233766234,Unassigned
41,697,10906_42238,42,765,397,False,False,False,False,False,0,-0.576271186440678,-0.564935064935065,Unassigned
42,697,10906_42238,43,467,409,False,False,False,False,False,1,-0.7175141242937854,-0.6948051948051948,Unassigned
43,697,10906_42238,44,663,412,False,False,False,False,True,1,-0.519774011299435,-0.5194805194805194,cd8/pd1-
44,697,10906_42238,45,483,413,False,False,False,False,True,1,-0.7062146892655368,-0.6948051948051948,cd8/pd1-
45,697,10906_42238,46,639,413,False,False,False,False,False,1,-0.6440677966101694,-0.6233766233766234,Unassigned
46,697,10906_42238,47,1190,426,False,True,False,False,False,1,-0.6440677966101694,-0.6298701298701299,pdl1_other
47,697,10906_42238,48,708,434,False,False,False,False,False,1,-0.536723163841808,-0.538961038961039,Unassigned
48,697,10906_42238,49,643,447,False,False,False,False,False,1,-0.5480225988700564,-0.538961038961039,Unassigned
49,697,10906_42238,50,714,445,False,False,False,False,False,1,-0.632768361581921,-0.6103896103896104,Unassigned
50,697,10906_42238,51,1029,449,False,False,False,False,False,1,-0.5875706214689266,-0.5714285714285714,Unassigned
51,697,10906_42238,52,535,458,False,False,False,False,False,1,-0.6949152542372882,-0.6753246753246753,Unassigned
52,697,10906_42238,53,648,462,False,False,False,False,False,1,-0.5875706214689266,-0.5714285714285714,Unassigned
53,697,10906_42238,54,607,468,False,False,False,False,True,1,-0.5819209039548022,-0.5584415584415584,cd8/pd1-
54,697,10906_42238,55,688,484,False,False,False,False,False,1,-0.5310734463276836,-0.525974025974026,Unassigned
55,697,10906_42238,56,517,490,False,False,False,False,False,1,-0.6610169491525424,-0.6428571428571429,Unassigned
56,697,10906_42238,57,460,499,False,False,False,False,False,1,-0.5649717514124294,-0.5584415584415584,Unassigned
57,697,10906_42238,58,609,502,False,False,False,False,False,1,-0.576271186440678,-0.5714285714285714,Unassigned
58,697,10906_42238,59,1756,524,False,False,False,False,False,1,-0.7005649717514124,-0.6753246753246753,Unassigned
59,697,10906_42238,60,505,524,False,False,False,False,False,1,-0.6666666666666666,-0.6493506493506493,Unassigned
60,697,10906_42238,61,642,524,False,False,False,False,False,1,-0.655367231638418,-0.6363636363636364,Unassigned
61,697,10906_42238,62,446,534,False,False,False,False,False,1,-0.6440677966101694,-0.6233766233766234,Unassigned
62,697,10906_42238,63,732,540,False,False,False,False,False,1,-0.4293785310734463,-0.43506493506493504,Unassigned
63,697,10906_42238,64,1759,544,False,False,False,False,False,1,-0.5706214689265536,-0.564935064935065,Unassigned
64,697,10906_42238,65,554,544,False,False,False,False,False,1,-0.6666666666666666,-0.6493506493506493,Unassigned
65,697,10906_42238,66,459,552,False,False,False,False,False,1,-0.4463276836158192,-0.44805194805194803,Unassigned
66,697,10906_42238,67,463,566,False,False,False,False,False,1,-0.5028248587570622,-0.4935064935064935,Unassigned
67,697,10906_42238,68,714,569,False,False,False,False,True,1,-0.5932203389830508,-0.5844155844155844,cd8/pd1-
68,697,10906_42238,69,468,577,False,False,False,False,False,1,-0.6214689265536724,-0.6038961038961039,Unassigned
69,697,10906_42238,70,539,577,False,False,False,False,False,1,-0.632768361581921,-0.6168831168831169,Unassigned
70,697,10906_42238,71,1777,578,False,False,False,False,False,1,-0.5988700564971752,-0.5909090909090909,Unassigned
71,697,10906_42238,72,714,583,False,False,False,False,False,1,-0.480225988700565,-0.5064935064935064,Unassigned
72,697,10906_42238,73,808,600,False,False,False,False,True,1,-0.5706214689265536,-0.551948051948052,cd8/pd1-
73,697,10906_42238,74,461,600,False,False,False,False,False,1,-0.5875706214689266,-0.577922077922078,Unassigned
74,697,10906_42238,75,1763,606,False,False,False,False,False,1,-0.615819209039548,-0.5974025974025974,Unassigned
75,697,10906_42238,76,504,621,False,False,False,False,False,1,-0.5536723163841808,-0.5454545454545454,Unassigned
76,697,10906_42238,77,788,625,False,False,False,False,False,1,-0.632768361581921,-0.6103896103896104,Unassigned
77,697,10906_42238,78,599,628,False,False,False,False,False,1,-0.6610169491525424,-0.6363636363636364,Unassigned
78,697,10906_42238,79,718,633,False,False,False,False,False,1,-0.672316384180791,-0.6493506493506493,Unassigned
79,697,10906_42238,80,556,642,False,False,False,False,False,1,-0.559322033898305,-0.551948051948052,Unassigned
80,697,10906_42238,81,816,646,False,False,False,False,False,1,-0.536723163841808,-0.525974025974026,Unassigned
81,697,10906_42238,82,551,652,False,False,False,False,False,1,-0.655367231638418,-0.6428571428571429,Unassigned
82,697,10906_42238,83,629,653,False,False,False,False,False,1,-0.536723163841808,-0.525974025974026,Unassigned
83,697,10906_42238,84,716,692,False,False,False,False,False,1,-0.672316384180791,-0.6428571428571429,Unassigned
84,697,10906_42238,85,830,692,False,False,False,False,False,1,-0.5084745762711864,-0.4935064935064935,Unassigned
85,697,10906_42238,86,709,698,False,False,False,False,False,1,-0.6949152542372882,-0.6623376623376623,Unassigned
86,697,10906_42238,87,633,702,False,False,False,False,False,1,-0.6949152542372882,-0.6753246753246753,Unassigned
87,697,10906_42238,88,614,711,False,False,False,False,False,1,-0.6892655367231638,-0.6688311688311688,Unassigned
88,697,10906_42238,89,644,713,False,False,False,False,False,1,-0.6214689265536724,-0.5974025974025974,Unassigned
89,697,10906_42238,90,543,716,False,False,False,False,False,1,-0.7457627118644068,-0.7142857142857143,Unassigned
90,697,10906_42238,91,836,718,False,False,False,False,False,1,-0.6440677966101694,-0.6298701298701299,Unassigned
91,697,10906_42238,92,603,722,False,False,False,False,False,1,-0.5706214689265536,-0.5584415584415584,Unassigned
92,697,10906_42238,93,735,724,False,False,False,False,True,1,-0.519774011299435,-0.4935064935064935,cd8/pd1-
93,697,10906_42238,94,1726,725,False,False,False,False,False,1,-0.5423728813559322,-0.525974025974026,Unassigned
94,697,10906_42238,95,1364,727,False,False,False,False,False,1,-0.6101694915254238,-0.5974025974025974,Unassigned
95,697,10906_42238,96,845,750,False,False,False,False,False,1,-0.6779661016949152,-0.6558441558441559,Unassigned
96,697,10906_42238,97,795,757,True,False,True,False,False,1,-0.5536723163841808,-0.5454545454545454,pd1_other
97,697,10906_42238,98,678,761,False,False,False,False,False,1,-0.615819209039548,-0.6038961038961039,Unassigned
98,697,10906_42238,99,641,771,False,False,False,False,False,1,-0.5932203389830508,-0.577922077922078,Unassigned
99,697,10906_42238,100,870,772,False,False,False,False,False,1,-0.5480225988700564,-0.538961038961039,Unassigned
100,697,10906_42238,101,579,775,False,False,False,False,False,1,-0.5423728813559322,-0.538961038961039,Unassigned
101,697,10906_42238,102,564,775,False,False,False,False,False,1,-0.5084745762711864,-0.4935064935064935,Unassigned
102,697,10906_42238,103,922,778,False,False,False,False,False,1,-0.655367231638418,-0.6363636363636364,Unassigned
103,697,10906_42238,104,874,786,False,False,False,False,False,1,-0.655367231638418,-0.6363636363636364,Unassigned
104,697,10906_42238,105,839,809,False,False,False,False,False,1,-0.5649717514124294,-0.551948051948052,Unassigned
105,697,10906_42238,106,578,814,False,False,False,False,False,1,-0.5084745762711864,-0.5,Unassigned
106,697,10906_42238,107,914,816,False,False,False,False,False,1,-0.5536723163841808,-0.538961038961039,Unassigned
107,697,10906_42238,108,719,818,False,False,False,False,False,1,-0.5932203389830508,-0.577922077922078,Unassigned
108,697,10906_42238,109,690,832,False,False,False,False,False,1,-0.711864406779661,-0.6883116883116883,Unassigned
109,697,10906_42238,110,776,841,False,False,False,False,False,1,-0.536723163841808,-0.5194805194805194,Unassigned
110,697,10906_42238,111,813,852,False,False,False,False,False,1,-0.423728813559322,-0.4155844155844156,Unassigned
111,697,10906_42238,112,1775,877,False,True,False,False,False,1,-0.672316384180791,-0.6493506493506493,pdl1_other
112,697,10906_42238,113,1779,886,False,True,False,False,False,1,-0.559322033898305,-0.5454545454545454,pdl1_other
113,697,10906_42238,114,679,888,False,False,False,False,False,1,-0.7062146892655368,-0.6883116883116883,Unassigned
114,697,10906_42238,115,744,902,False,False,False,False,False,1,-0.4463276836158192,-0.44805194805194803,Unassigned
115,697,10906_42238,116,1020,901,False,False,False,False,True,1,-0.6610169491525424,-0.6363636363636364,cd8/pd1-
116,697,10906_42238,117,1745,908,False,False,False,False,False,1,-0.6892655367231638,-0.6688311688311688,Unassigned
117,697,10906_42238,118,948,923,False,False,False,False,True,1,-0.7457627118644068,-0.7142857142857143,cd8/pd1-
118,697,10906_42238,119,659,935,False,False,False,False,False,1,-0.7175141242937854,-0.6948051948051948,Unassigned
119,697,10906_42238,120,965,934,False,False,False,False,True,1,-0.5706214689265536,-0.564935064935065,cd8/pd1-
120,697,10906_42238,121,667,952,False,False,False,False,False,1,-0.6836158192090396,-0.6623376623376623,Unassigned
121,697,10906_42238,122,889,955,False,False,False,False,False,1,-0.5480225988700564,-0.538961038961039,Unassigned
122,697,10906_42238,123,870,968,False,False,False,False,False,1,-0.519774011299435,-0.512987012987013,Unassigned
123,697,10906_42238,124,1002,980,False,False,False,False,False,1,-0.5649717514124294,-0.5584415584415584,Unassigned
124,697,10906_42238,125,971,1000,False,False,False,False,False,1,-0.5932203389830508,-0.577922077922078,Unassigned
125,697,10906_42238,126,770,1005,False,False,False,False,False,1,-0.519774011299435,-0.512987012987013,Unassigned
126,697,10906_42238,127,1843,1006,False,False,False,False,False,1,-0.6045197740112994,-0.5844155844155844,Unassigned
127,697,10906_42238,128,1101,1013,False,False,False,False,True,1,-0.5141242937853108,-0.5064935064935064,cd8/pd1-
128,697,10906_42238,129,1080,1015,False,False,False,False,False,1,-0.6836158192090396,-0.6623376623376623,Unassigned
129,697,10906_42238,130,1032,1023,False,False,False,False,False,1,-0.6666666666666666,-0.6493506493506493,Unassigned
130,697,10906_42238,131,717,1039,False,False,False,False,False,1,-0.6497175141242938,-0.6363636363636364,Unassigned
131,697,10906_42238,132,970,1053,False,False,False,False,False,1,-0.6949152542372882,-0.6753246753246753,Unassigned
132,697,10906_42238,133,1774,1062,False,False,False,False,False,1,-0.5141242937853108,-0.5064935064935064,Unassigned
133,697,10906_42238,134,979,1065,False,False,False,False,False,1,-0.7627118644067796,-0.7337662337662337,Unassigned
134,697,10906_42238,135,950,1068,False,False,True,False,False,1,-0.6271186440677966,-0.6103896103896104,foxp3_any
135,697,10906_42238,136,981,1074,False,False,False,False,False,1,-0.5536723163841808,-0.538961038961039,Unassigned
136,697,10906_42238,137,743,1087,False,False,False,False,False,1,-0.6384180790960452,-0.6233766233766234,Unassigned
137,697,10906_42238,138,879,1090,False,False,False,False,False,1,-0.6892655367231638,-0.6688311688311688,Unassigned
138,697,10906_42238,139,1038,1099,False,False,False,False,False,1,-0.5480225988700564,-0.538961038961039,Unassigned
139,697,10906_42238,140,1127,1100,True,False,False,False,False,1,-0.5310734463276836,-0.5194805194805194,pd1_other
140,697,10906_42238,141,878,1105,False,False,False,False,False,1,-0.6045197740112994,-0.5909090909090909,Unassigned
141,697,10906_42238,142,843,1116,False,False,False,False,True,1,-0.5875706214689266,-0.5714285714285714,cd8/pd1-
142,697,10906_42238,143,713,1117,False,False,False,False,False,1,-0.6101694915254238,-0.6038961038961039,Unassigned
143,697,10906_42238,144,904,1118,False,False,False,False,False,1,-0.7344632768361582,-0.7012987012987013,Unassigned
144,697,10906_42238,145,1135,1127,False,False,False,False,False,1,-0.6440677966101694,-0.6233766233766234,Unassigned
145,697,10906_42238,146,929,1156,False,False,False,False,False,1,-0.6045197740112994,-0.5909090909090909,Unassigned
146,697,10906_42238,147,1114,1171,False,False,False,False,False,1,-0.5988700564971752,-0.5844155844155844,Unassigned
147,697,10906_42238,148,1036,1185,False,False,False,False,False,1,-0.6497175141242938,-0.6233766233766234,Unassigned
148,697,10906_42238,149,917,1187,False,False,False,False,False,1,-0.5875706214689266,-0.577922077922078,Unassigned
149,697,10906_42238,150,1021,1192,False,False,False,False,False,1,-0.5141242937853108,-0.5064935064935064,Unassigned
150,697,10906_42238,151,1103,1203,False,False,False,False,False,1,-0.519774011299435,-0.512987012987013,Unassigned
151,697,10906_42238,152,1080,1208,False,False,False,False,False,1,-0.5706214689265536,-0.5584415584415584,Unassigned
152,697,10906_42238,153,985,1218,False,False,False,False,False,1,-0.6497175141242938,-0.6363636363636364,Unassigned
153,697,10906_42238,154,974,1228,False,False,False,False,False,1,-0.5084745762711864,-0.5,Unassigned
154,697,10906_42238,155,1057,1240,False,False,False,False,True,1,-0.5480225988700564,-0.5324675324675324,cd8/pd1-
155,697,10906_42238,156,1751,1243,False,False,False,False,False,1,-0.7288135593220338,-0.7012987012987013,Unassigned
156,697,10906_42238,157,991,1249,False,False,False,False,False,1,-0.7005649717514124,-0.6688311688311688,Unassigned
157,697,10906_42238,158,968,1256,False,False,False,False,False,1,-0.6384180790960452,-0.6233766233766234,Unassigned
158,697,10906_42238,159,1322,1257,False,False,False,False,False,0,-0.711864406779661,-0.6883116883116883,Unassigned
159,697,10906_42238,160,1140,1293,False,False,True,False,False,1,-0.6779661016949152,-0.6558441558441559,foxp3_any
160,697,10906_42238,161,786,1311,False,False,False,False,False,0,-0.6836158192090396,-0.6753246753246753,Unassigned
161,697,10906_42238,162,1003,1322,False,False,False,False,False,1,-0.4632768361581921,-0.4675324675324675,Unassigned
162,697,10906_42238,163,1593,1328,False,False,False,False,False,0,-0.5254237288135594,-0.5194805194805194,Unassigned
163,697,10906_42238,164,926,1347,False,False,False,False,False,1,-0.5988700564971752,-0.5844155844155844,Unassigned
164,697,10906_42238,165,882,1351,False,False,False,False,False,1,-0.6214689265536724,-0.6103896103896104,Unassigned
165,697,10906_42238,166,1151,1353,False,False,False,False,False,1,-0.5480225988700564,-0.5454545454545454,Unassigned
166,697,10906_42238,167,853,1369,False,False,False,False,False,1,-0.5536723163841808,-0.538961038961039,Unassigned
167,697,10906_42238,168,1058,1371,False,False,False,False,False,1,-0.5875706214689266,-0.577922077922078,Unassigned
168,697,10906_42238,169,860,1392,False,False,False,False,False,0,-0.768361581920904,-0.6818181818181818,Unassigned
169,697,10906_42238,170,1000,1392,False,False,False,False,False,1,-0.8418079096045198,-0.7467532467532467,Unassigned
170,697,10906_42238,171,335,28,False,False,False,False,False,1,-0.711864406779661,-0.6883116883116883,Unassigned
171,697,10906_42238,172,568,38,False,False,False,False,True,1,-0.7344632768361582,-0.7012987012987013,cd8/pd1-
172,697,10906_42238,173,572,40,False,False,False,False,True,1,-0.768361581920904,-0.7597402597402597,cd8/pd1-
173,697,10906_42238,174,361,56,False,False,False,False,True,1,-0.807909604519774,-0.7727272727272727,cd8/pd1-
174,697,10906_42238,175,345,66,False,False,False,False,False,1,-0.5875706214689266,-0.577922077922078,Unassigned
175,697,10906_42238,176,365,68,False,False,False,False,False,1,-0.5819209039548022,-0.564935064935065,Unassigned
176,697,10906_42238,177,373,89,False,False,False,False,False,1,-0.536723163841808,-0.5324675324675324,Unassigned
177,697,10906_42238,178,463,102,False,False,False,False,True,1,-0.655367231638418,-0.6428571428571429,cd8/pd1-
178,697,10906_42238,179,468,101,False,False,False,False,True,1,-0.8192090395480226,-0.7857142857142857,cd8/pd1-
179,697,10906_42238,180,406,102,False,False,False,False,False,1,-0.7288135593220338,-0.7012987012987013,Unassigned
180,697,10906_42238,181,403,136,False,False,False,False,False,1,-0.7231638418079096,-0.7012987012987013,Unassigned
181,697,10906_42238,182,322,142,False,False,False,False,False,1,-0.6892655367231638,-0.6623376623376623,Unassigned
182,697,10906_42238,183,410,150,False,False,False,False,False,1,-0.5932203389830508,-0.5844155844155844,Unassigned
183,697,10906_42238,184,638,193,False,False,False,False,False,1,-0.6045197740112994,-0.5974025974025974,Unassigned
184,697,10906_42238,185,448,197,False,False,False,False,False,1,-0.672316384180791,-0.6493506493506493,Unassigned
185,697,10906_42238,186,563,210,True,False,False,False,True,1,-0.7288135593220338,-0.6948051948051948,cd8/pd1+
186,697,10906_42238,187,384,232,False,False,False,False,True,1,-0.751412429378531,-0.7142857142857143,cd8/pd1-
187,697,10906_42238,188,412,251,False,False,False,False,False,1,-0.6836158192090396,-0.6623376623376623,Unassigned
188,697,10906_42238,189,413,289,False,False,False,False,True,1,-0.6666666666666666,-0.7077922077922078,cd8/pd1-
189,697,10906_42238,190,414,293,False,False,False,False,True,1,-0.8418079096045198,-0.8181818181818182,cd8/pd1-
190,697,10906_42238,191,605,303,False,False,False,False,True,1,-0.576271186440678,-0.5584415584415584,cd8/pd1-
191,697,10906_42238,192,613,313,False,False,False,False,True,1,-0.8192090395480226,-0.7662337662337663,cd8/pd1-
192,697,10906_42238,193,464,380,False,False,False,False,False,1,-0.751412429378531,-0.7142857142857143,Unassigned
193,697,10906_42238,194,548,397,False,False,False,False,True,1,-0.7288135593220338,-0.7012987012987013,cd8/pd1-
194,697,10906_42238,195,643,398,False,False,False,False,True,1,-0.6610169491525424,-0.6298701298701299,cd8/pd1-
195,697,10906_42238,196,613,408,False,False,False,False,True,1,-0.6440677966101694,-0.6298701298701299,cd8/pd1-
196,697,10906_42238,197,479,415,False,False,False,False,True,1,-0.7740112994350282,-0.7337662337662337,cd8/pd1-
197,697,10906_42238,198,600,426,False,False,False,False,True,1,-0.7005649717514124,-0.6623376623376623,cd8/pd1-
198,697,10906_42238,199,531,475,False,False,False,False,False,1,-0.7288135593220338,-0.7012987012987013,Unassigned
199,697,10906_42238,200,438,484,False,False,False,False,True,1,-0.632768361581921,-0.6168831168831169,cd8/pd1-
200,697,10906_42238,201,429,493,False,False,False,False,False,1,-0.6666666666666666,-0.6558441558441559,Unassigned
201,697,10906_42238,202,470,498,False,False,False,False,True,1,-0.559322033898305,-0.551948051948052,cd8/pd1-
202,697,10906_42238,203,531,526,False,False,False,False,True,1,-0.519774011299435,-0.525974025974026,cd8/pd1-
203,697,10906_42238,204,679,532,False,False,False,False,False,1,-0.7175141242937854,-0.6948051948051948,Unassigned
204,697,10906_42238,205,1733,545,False,True,False,False,False,1,-0.6101694915254238,-0.6558441558441559,pdl1_other
205,697,10906_42238,206,1742,546,False,False,False,False,True,1,-0.7909604519774012,-0.7597402597402597,cd8/pd1-
206,697,10906_42238,207,640,573,False,False,False,False,True,1,-0.6779661016949152,-0.6493506493506493,cd8/pd1-
207,697,10906_42238,208,649,583,False,False,False,False,True,1,-0.6836158192090396,-0.7467532467532467,cd8/pd1-
208,697,10906_42238,209,726,580,False,False,False,False,True,1,-0.4971751412429379,-0.5,cd8/pd1-
209,697,10906_42238,210,759,591,False,False,False,False,True,1,-0.6045197740112994,-0.5844155844155844,cd8/pd1-
210,697,10906_42238,211,533,603,False,False,False,False,True,1,-0.7740112994350282,-0.7532467532467533,cd8/pd1-
211,697,10906_42238,212,722,605,False,False,False,False,True,1,-0.5932203389830508,-0.5909090909090909,cd8/pd1-
212,697,10906_42238,213,785,598,False,False,False,False,True,1,-0.4745762711864407,-0.4805194805194805,cd8/pd1-
213,697,10906_42238,214,530,642,False,False,False,False,False,1,-0.6610169491525424,-0.6428571428571429,Unassigned
214,697,10906_42238,215,508,656,False,False,False,False,False,1,-0.576271186440678,-0.6558441558441559,Unassigned
215,697,10906_42238,216,507,660,False,False,False,False,False,1,-0.807909604519774,-0.7727272727272727,Unassigned
216,697,10906_42238,217,660,673,False,False,False,False,False,1,-0.7344632768361582,-0.7077922077922078,Unassigned
217,697,10906_42238,218,524,678,False,False,False,False,False,1,-0.5875706214689266,-0.5714285714285714,Unassigned
218,697,10906_42238,219,534,702,False,False,False,False,True,1,-0.655367231638418,-0.6428571428571429,cd8/pd1-
219,697,10906_42238,220,819,704,False,False,False,False,True,1,-0.576271186440678,-0.6038961038961039,cd8/pd1-
220,697,10906_42238,221,816,713,False,False,False,False,True,1,-0.559322033898305,-0.6038961038961039,cd8/pd1-
221,697,10906_42238,222,884,727,False,False,False,False,True,1,-0.5254237288135594,-0.512987012987013,cd8/pd1-
222,697,10906_42238,223,669,728,False,False,False,False,False,1,-0.632768361581921,-0.6168831168831169,Unassigned
223,697,10906_42238,224,755,738,False,False,False,False,False,1,-0.7175141242937854,-0.6948051948051948,Unassigned
224,697,10906_42238,225,781,773,False,False,False,False,False,1,-0.6949152542372882,-0.6753246753246753,Unassigned
225,697,10906_42238,226,841,828,False,False,False,False,True,1,-0.5084745762711864,-0.5,cd8/pd1-
226,697,10906_42238,227,862,856,False,False,False,False,False,1,-0.807909604519774,-0.7987012987012987,Unassigned
227,697,10906_42238,228,828,834,False,False,False,False,True,1,-0.7288135593220338,-0.7012987012987013,cd8/pd1-
228,697,10906_42238,229,730,847,False,False,False,False,True,1,-0.5536723163841808,-0.5454545454545454,cd8/pd1-
229,697,10906_42238,230,658,869,False,False,False,False,True,1,-0.8135593220338984,-0.8116883116883117,cd8/pd1-
230,697,10906_42238,231,657,871,False,False,False,False,True,1,-0.7909604519774012,-0.7792207792207793,cd8/pd1-
231,697,10906_42238,232,1003,885,False,False,False,False,True,1,-0.536723163841808,-0.512987012987013,cd8/pd1-
232,697,10906_42238,233,1007,905,False,False,False,False,True,1,-0.7005649717514124,-0.6818181818181818,cd8/pd1-
233,697,10906_42238,234,944,928,False,False,False,False,True,1,-0.6384180790960452,-0.6623376623376623,cd8/pd1-
234,697,10906_42238,235,824,929,False,False,False,False,True,1,-0.536723163841808,-0.525974025974026,cd8/pd1-
235,697,10906_42238,236,775,933,False,False,False,False,True,1,-0.7175141242937854,-0.7012987012987013,cd8/pd1-
236,697,10906_42238,237,955,939,False,False,False,False,True,1,-0.5084745762711864,-0.5064935064935064,cd8/pd1-
237,697,10906_42238,238,705,953,False,False,False,False,True,1,-0.7796610169491526,-0.7727272727272727,cd8/pd1-
238,697,10906_42238,239,709,954,False,False,False,False,True,1,-0.8022598870056498,-0.7922077922077922,cd8/pd1-
239,697,10906_42238,240,959,958,False,False,False,False,False,1,-0.5423728813559322,-0.5324675324675324,Unassigned
240,697,10906_42238,241,1002,967,True,False,False,False,True,1,-0.5988700564971752,-0.5584415584415584,cd8/pd1+
241,697,10906_42238,242,900,975,False,False,False,False,True,1,-0.6214689265536724,-0.6103896103896104,cd8/pd1-
242,697,10906_42238,243,685,997,False,False,False,False,True,1,-0.5819209039548022,-0.5714285714285714,cd8/pd1-
243,697,10906_42238,244,713,1017,True,False,False,False,False,1,-0.7231638418079096,-0.7012987012987013,pd1_other
244,697,10906_42238,245,1032,1035,False,False,False,False,True,1,-0.6949152542372882,-0.6753246753246753,cd8/pd1-
245,697,10906_42238,246,793,1042,False,False,False,False,True,1,-0.6949152542372882,-0.6688311688311688,cd8/pd1-
246,697,10906_42238,247,783,1074,False,False,False,False,False,1,-0.5536723163841808,-0.5454545454545454,Unassigned
247,697,10906_42238,248,860,1105,False,False,False,False,True,1,-0.5084745762711864,-0.4935064935064935,cd8/pd1-
248,697,10906_42238,249,941,1113,False,False,False,False,True,1,-0.6497175141242938,-0.6298701298701299,cd8/pd1-
249,697,10906_42238,250,1010,1153,False,False,False,False,False,1,-0.6836158192090396,-0.6623376623376623,Unassigned
250,697,10906_42238,251,1040,1143,False,False,False,False,True,1,-0.655367231638418,-0.6298701298701299,cd8/pd1-
251,697,10906_42238,252,1211,1183,False,False,False,False,False,0,-0.6610169491525424,-0.6428571428571429,Unassigned
252,697,10906_42238,253,948,1189,False,False,False,False,True,1,-0.6497175141242938,-0.6233766233766234,cd8/pd1-
253,697,10906_42238,254,922,1215,False,False,False,False,True,1,-0.6836158192090396,-0.6558441558441559,cd8/pd1-
254,697,10906_42238,255,944,1241,False,False,False,False,True,1,-0.5819209039548022,-0.577922077922078,cd8/pd1-
255,697,10906_42238,256,827,1250,False,False,False,False,True,1,-0.751412429378531,-0.7207792207792207,cd8/pd1-
256,697,10906_42238,257,797,1270,False,False,False,False,True,1,-0.5649717514124294,-0.5324675324675324,cd8/pd1-
257,697,10906_42238,258,1095,1298,False,False,False,False,False,1,-0.6892655367231638,-0.7532467532467533,Unassigned
258,697,10906_42238,259,1164,1295,False,False,False,False,True,1,-0.7062146892655368,-0.6818181818181818,cd8/pd1-
259,697,10906_42238,260,1211,1302,False,False,False,False,True,1,-0.8305084745762712,-0.7532467532467533,cd8/pd1-
260,697,10906_42238,261,1086,1314,True,False,False,False,True,1,-0.5254237288135594,-0.5,cd8/pd1+
261,697,10906_42238,262,922,1325,False,False,False,False,False,1,-0.7344632768361582,-0.7077922077922078,Unassigned
262,697,10906_42238,263,1107,1331,False,False,False,False,True,1,-0.711864406779661,-0.6623376623376623,cd8/pd1-
263,697,10906_42238,264,822,1344,False,False,False,False,True,0,-0.6836158192090396,-0.6623376623376623,cd8/pd1-
264,697,10906_42238,265,906,1350,False,False,False,False,True,1,-0.7853107344632768,-0.8376623376623377,cd8/pd1-
265,697,10906_42238,266,1168,1367,False,False,False,False,False,1,-0.672316384180791,-0.6493506493506493,Unassigned
266,697,10906_42238,267,1351,7,False,True,False,False,False,1,0.005649717514124294,0.09740259740259741,pdl1_other
267,697,10906_42238,268,1428,6,False,False,False,False,False,1,-0.3333333333333333,-0.3051948051948052,Unassigned
268,697,10906_42238,269,1287,18,False,False,False,False,False,1,-0.4293785310734463,-0.4155844155844156,Unassigned
269,697,10906_42238,270,437,27,False,False,False,False,False,1,-0.3898305084745763,-0.38311688311688313,Unassigned
270,697,10906_42238,271,506,32,False,False,False,False,False,1,0.1751412429378531,0.14935064935064934,Unassigned
271,697,10906_42238,272,352,36,False,False,False,False,False,1,-0.2768361581920904,-0.2922077922077922,Unassigned
272,697,10906_42238,273,521,45,True,False,False,False,True,1,-0.7175141242937854,-0.6883116883116883,cd8/pd1+
273,697,10906_42238,274,529,46,False,False,False,False,False,1,-0.5875706214689266,-0.5844155844155844,Unassigned
274,697,10906_42238,275,544,55,False,False,False,False,False,1,-0.4576271186440678,-0.45454545454545453,Unassigned
275,697,10906_42238,276,470,63,False,False,False,False,False,1,-0.2033898305084746,-0.23376623376623376,Unassigned
276,697,10906_42238,277,444,59,False,False,True,False,False,1,-0.1977401129943503,-0.19480519480519481,foxp3_any
277,697,10906_42238,278,504,67,False,False,False,False,False,1,-0.06779661016949153,-0.09090909090909091,Unassigned
278,697,10906_42238,279,331,69,False,False,False,False,False,1,-0.288135593220339,-0.2922077922077922,Unassigned
279,697,10906_42238,280,417,75,False,False,False,False,False,1,-0.3954802259887006,-0.4025974025974026,Unassigned
280,697,10906_42238,281,1361,84,False,False,False,False,False,1,-0.3446327683615819,-0.33766233766233766,Unassigned
281,697,10906_42238,282,592,90,False,False,False,False,True,1,-0.3898305084745763,-0.38961038961038963,cd8/pd1-
282,697,10906_42238,283,1091,104,False,False,False,False,False,1,-0.4519774011299435,-0.44805194805194803,Unassigned
283,697,10906_42238,284,422,107,False,False,False,False,False,1,-0.24293785310734464,-0.2662337662337662,Unassigned
284,697,10906_42238,285,516,121,False,False,True,False,False,1,0.07344632768361582,0.05844155844155844,foxp3_any
285,697,10906_42238,286,851,119,False,False,False,False,False,1,-0.3502824858757062,-0.35714285714285715,Unassigned
286,697,10906_42238,287,609,131,False,False,False,False,False,1,-0.011299435028248588,-0.06493506493506493,Unassigned
287,697,10906_42238,288,1245,140,False,False,False,False,False,1,-0.3785310734463277,-0.37012987012987014,Unassigned
288,697,10906_42238,289,460,143,False,False,False,False,False,1,-0.3785310734463277,-0.3961038961038961,Unassigned
289,697,10906_42238,290,1644,143,False,False,False,False,False,0,-0.4463276836158192,-0.44155844155844154,Unassigned
290,697,10906_42238,291,362,148,False,False,False,False,False,1,-0.3672316384180791,-0.37012987012987014,Unassigned
291,697,10906_42238,292,602,152,False,False,False,False,False,1,0.03389830508474576,0.01948051948051948,Unassigned
292,697,10906_42238,293,382,156,False,False,False,False,False,1,-0.327683615819209,-0.35064935064935066,Unassigned
293,697,10906_42238,294,354,155,False,False,False,False,False,1,-0.5310734463276836,-0.5,Unassigned
294,697,10906_42238,295,360,162,False,False,False,False,False,1,-0.6836158192090396,-0.6493506493506493,Unassigned
295,697,10906_42238,296,343,166,False,False,False,False,False,1,-0.3502824858757062,-0.37012987012987014,Unassigned
296,697,10906_42238,297,900,173,False,False,False,False,False,1,0.1807909604519774,0.18831168831168832,Unassigned
297,697,10906_42238,298,613,190,False,False,False,False,False,1,-0.5988700564971752,-0.5714285714285714,Unassigned
298,697,10906_42238,299,506,191,False,False,False,False,False,1,-0.4519774011299435,-0.461038961038961,Unassigned
299,697,10906_42238,300,611,199,False,False,False,False,False,1,-0.6271186440677966,-0.6103896103896104,Unassigned
300,697,10906_42238,301,395,205,False,False,False,False,False,1,-0.3050847457627119,-0.3116883116883117,Unassigned
301,697,10906_42238,302,376,209,False,False,False,False,False,1,-0.4293785310734463,-0.43506493506493504,Unassigned
302,697,10906_42238,303,1108,207,False,False,False,False,False,1,-0.062146892655367235,-0.05844155844155844,Unassigned
303,697,10906_42238,304,1128,210,False,False,False,False,False,1,-0.7231638418079096,-0.6948051948051948,Unassigned
304,697,10906_42238,305,1132,215,False,False,False,False,False,1,-0.5706214689265536,-0.5584415584415584,Unassigned
305,697,10906_42238,306,566,232,False,False,False,False,False,1,-0.20903954802259886,-0.21428571428571427,Unassigned
306,697,10906_42238,307,618,244,False,False,False,False,False,1,-0.4293785310734463,-0.42207792207792205,Unassigned
307,697,10906_42238,308,379,247,False,False,False,False,False,1,-0.4406779661016949,-0.44805194805194803,Unassigned
308,697,10906_42238,309,898,249,False,False,False,False,False,1,-0.22598870056497175,-0.22727272727272727,Unassigned
309,697,10906_42238,310,545,253,False,False,False,False,True,1,-0.4576271186440678,-0.45454545454545453,cd8/pd1-
310,697,10906_42238,311,364,265,False,False,False,False,False,1,-0.23728813559322035,-0.24025974025974026,Unassigned
311,697,10906_42238,312,560,292,True,False,False,False,False,1,-0.23728813559322035,-0.2727272727272727,pd1_other
312,697,10906_42238,313,486,294,False,False,False,False,True,1,-0.3785310734463277,-0.38961038961038963,cd8/pd1-
313,697,10906_42238,314,532,301,False,False,False,False,False,1,-0.4124293785310734,-0.4155844155844156,Unassigned
314,697,10906_42238,315,554,311,False,False,False,False,False,1,-0.2711864406779661,-0.2662337662337662,Unassigned
315,697,10906_42238,316,1649,313,False,True,False,False,False,1,-0.4124293785310734,-0.43506493506493504,pdl1_other
316,697,10906_42238,317,437,317,False,False,False,False,True,1,-0.3220338983050847,-0.33116883116883117,cd8/pd1-
317,697,10906_42238,318,560,321,False,False,False,False,True,1,-0.632768361581921,-0.6038961038961039,cd8/pd1-
318,697,10906_42238,319,466,326,False,False,False,False,False,1,-0.23728813559322035,-0.23376623376623376,Unassigned
319,697,10906_42238,320,485,326,False,False,False,False,True,1,-0.3954802259887006,-0.38961038961038963,cd8/pd1-
320,697,10906_42238,321,533,329,False,False,False,False,True,1,-0.4067796610169492,-0.42857142857142855,cd8/pd1-
321,697,10906_42238,322,586,333,False,False,False,False,True,1,-0.0903954802259887,-0.1038961038961039,cd8/pd1-
322,697,10906_42238,323,445,335,False,False,False,False,True,1,-0.24858757062146894,-0.24025974025974026,cd8/pd1-
323,697,10906_42238,324,455,346,False,False,False,False,False,1,-0.5028248587570622,-0.4805194805194805,Unassigned
324,697,10906_42238,325,631,354,False,False,False,False,False,1,-0.4689265536723164,-0.4805194805194805,Unassigned
325,697,10906_42238,326,1347,355,False,False,False,False,False,1,-0.23163841807909605,-0.22727272727272727,Unassigned
326,697,10906_42238,327,565,360,False,False,False,False,True,1,-0.23163841807909605,-0.23376623376623376,cd8/pd1-
327,697,10906_42238,328,479,366,False,False,False,False,False,1,-0.15254237288135594,-0.19480519480519481,Unassigned
328,697,10906_42238,329,488,371,False,False,False,False,False,1,-0.6271186440677966,-0.6038961038961039,Unassigned
329,697,10906_42238,330,419,380,False,False,False,False,False,1,-0.4689265536723164,-0.4675324675324675,Unassigned
330,697,10906_42238,331,705,387,False,False,False,False,True,1,-0.07909604519774012,-0.09090909090909091,cd8/pd1-
331,697,10906_42238,332,687,386,False,False,False,False,False,1,-0.5706214689265536,-0.538961038961039,Unassigned
332,697,10906_42238,333,501,395,False,False,False,False,False,1,-0.5028248587570622,-0.5,Unassigned
333,697,10906_42238,334,690,399,False,False,False,False,False,1,-0.1016949152542373,-0.16233766233766234,Unassigned
334,697,10906_42238,335,494,402,False,False,False,False,False,1,-0.6836158192090396,-0.6428571428571429,Unassigned
335,697,10906_42238,336,504,413,False,False,False,False,False,1,-0.24858757062146894,-0.2727272727272727,Unassigned
336,697,10906_42238,337,478,433,False,False,True,False,False,1,-0.4350282485875706,-0.44155844155844154,foxp3_any
337,697,10906_42238,338,605,433,False,False,False,False,True,1,-0.5141242937853108,-0.5194805194805194,cd8/pd1-
338,697,10906_42238,339,572,439,False,False,False,False,False,1,-0.536723163841808,-0.538961038961039,Unassigned
339,697,10906_42238,340,578,450,False,False,False,False,True,1,-0.4632768361581921,-0.4805194805194805,cd8/pd1-
340,697,10906_42238,341,621,452,False,False,False,False,False,1,-0.192090395480226,-0.2012987012987013,Unassigned
341,697,10906_42238,342,553,457,False,False,False,False,False,1,-0.4124293785310734,-0.4025974025974026,Unassigned
342,697,10906_42238,343,570,471,True,False,False,False,False,1,-0.3389830508474576,-0.33766233766233766,pd1_other
343,697,10906_42238,344,469,482,False,False,False,False,False,1,-0.4067796610169492,-0.4155844155844156,Unassigned
344,697,10906_42238,345,604,480,False,False,False,False,True,1,-0.07344632768361582,-0.12337662337662338,cd8/pd1-
345,697,10906_42238,346,623,487,False,False,False,False,True,1,-0.07344632768361582,-0.11688311688311688,cd8/pd1-
346,697,10906_42238,347,613,484,False,False,False,False,True,1,-0.6497175141242938,-0.6298701298701299,cd8/pd1-
347,697,10906_42238,348,719,489,False,False,False,False,True,1,-0.12994350282485875,-0.14285714285714285,cd8/pd1-
348,697,10906_42238,349,484,487,False,False,False,False,False,1,-0.24858757062146894,-0.2597402597402597,Unassigned
349,697,10906_42238,350,1046,489,False,False,False,False,False,1,-0.192090395480226,-0.19480519480519481,Unassigned
350,697,10906_42238,351,643,497,True,False,False,False,False,1,-0.3785310734463277,-0.38311688311688313,pd1_other
351,697,10906_42238,352,747,505,True,False,False,False,False,1,-0.423728813559322,-0.4155844155844156,pd1_other
352,697,10906_42238,353,1678,506,False,False,False,False,False,1,-0.22033898305084745,-0.22077922077922077,Unassigned
353,697,10906_42238,354,475,522,False,False,False,False,False,1,-0.192090395480226,-0.23376623376623376,Unassigned
354,697,10906_42238,355,460,520,False,False,False,False,False,1,-0.4350282485875706,-0.43506493506493504,Unassigned
355,697,10906_42238,356,495,524,False,False,False,False,False,1,-0.1977401129943503,-0.22727272727272727,Unassigned
356,697,10906_42238,357,625,525,True,False,False,False,True,1,-0.4858757062146893,-0.487012987012987,cd8/pd1+
357,697,10906_42238,358,736,526,False,False,False,False,False,1,-0.4858757062146893,-0.4805194805194805,Unassigned
358,697,10906_42238,359,652,528,False,False,False,False,True,1,-0.4293785310734463,-0.42207792207792205,cd8/pd1-
359,697,10906_42238,360,660,536,False,False,False,False,True,1,-0.2598870056497175,-0.2987012987012987,cd8/pd1-
360,697,10906_42238,361,741,534,False,True,False,False,True,1,-0.6271186440677966,-0.5909090909090909,cd8/pd1-
361,697,10906_42238,362,1737,542,False,False,False,False,True,1,-0.519774011299435,-0.5,cd8/pd1-
362,697,10906_42238,363,743,543,False,False,False,False,False,1,-0.4293785310734463,-0.42857142857142855,Unassigned
363,697,10906_42238,364,600,546,False,False,False,False,False,1,-0.2824858757062147,-0.2987012987012987,Unassigned
364,697,10906_42238,365,733,561,False,False,False,False,True,1,-0.14124293785310735,-0.2077922077922078,cd8/pd1-
365,697,10906_42238,366,632,559,False,False,False,False,True,1,-0.384180790960452,-0.37662337662337664,cd8/pd1-
366,697,10906_42238,367,601,560,False,False,False,False,False,1,-0.6892655367231638,-0.6363636363636364,Unassigned
367,697,10906_42238,368,646,562,False,False,False,False,False,1,-0.13559322033898305,-0.15584415584415584,Unassigned
368,697,10906_42238,369,1641,565,False,False,False,False,False,1,-0.096045197740113,-0.11038961038961038,Unassigned
369,697,10906_42238,370,594,566,False,False,False,False,False,1,-0.2994350282485876,-0.3051948051948052,Unassigned
370,697,10906_42238,371,605,567,False,False,False,False,False,1,-0.6779661016949152,-0.6363636363636364,Unassigned
371,697,10906_42238,372,679,569,False,False,False,False,True,1,-0.8248587570621468,-0.7857142857142857,cd8/pd1-
372,697,10906_42238,373,671,571,True,False,False,False,True,1,-0.2655367231638418,-0.2597402597402597,cd8/pd1+
373,697,10906_42238,374,612,577,False,False,False,False,False,1,-0.15819209039548024,-0.14285714285714285,Unassigned
374,697,10906_42238,375,1449,583,False,False,False,False,True,1,0.4293785310734463,0.42207792207792205,cd8/pd1-
375,697,10906_42238,376,623,579,False,False,False,False,False,1,-0.4463276836158192,-0.43506493506493504,Unassigned
376,697,10906_42238,377,676,584,True,False,False,False,False,1,-0.1807909604519774,-0.18181818181818182,pd1_other
377,697,10906_42238,378,563,594,False,False,False,False,True,1,-0.07909604519774012,-0.08441558441558442,cd8/pd1-
378,697,10906_42238,379,609,593,False,False,False,False,False,1,-0.1807909604519774,-0.17532467532467533,Unassigned
379,697,10906_42238,380,638,597,False,False,False,False,False,1,-0.3728813559322034,-0.37662337662337664,Unassigned
380,697,10906_42238,381,715,598,False,False,False,False,True,1,-0.4350282485875706,-0.42207792207792205,cd8/pd1-
381,697,10906_42238,382,526,599,False,False,False,False,False,1,-0.2542372881355932,-0.3246753246753247,Unassigned
382,697,10906_42238,383,1766,598,False,False,False,False,False,1,-0.3502824858757062,-0.33766233766233766,Unassigned
383,697,10906_42238,384,647,599,True,False,False,False,False,1,-0.5988700564971752,-0.5844155844155844,pd1_other
384,697,10906_42238,385,567,612,False,False,False,False,False,1,-0.07909604519774012,-0.07792207792207792,Unassigned
385,697,10906_42238,386,789,608,False,False,False,False,True,1,-0.4293785310734463,-0.4090909090909091,cd8/pd1-
386,697,10906_42238,387,804,613,False,False,False,False,True,1,0.07344632768361582,0.045454545454545456,cd8/pd1-
387,697,10906_42238,388,485,618,False,False,False,False,False,1,-0.4463276836158192,-0.45454545454545453,Unassigned
388,697,10906_42238,389,685,623,False,False,False,False,True,1,-0.1694915254237288,-0.19480519480519481,cd8/pd1-
389,697,10906_42238,390,538,622,False,False,False,False,False,1,-0.480225988700565,-0.4805194805194805,Unassigned
390,697,10906_42238,391,702,624,False,False,False,False,True,1,-0.1751412429378531,-0.17532467532467533,cd8/pd1-
391,697,10906_42238,392,614,635,False,False,False,False,True,1,-0.05084745762711865,-0.025974025974025976,cd8/pd1-
392,697,10906_42238,393,773,646,False,False,False,False,True,1,-0.3333333333333333,-0.35714285714285715,cd8/pd1-
393,697,10906_42238,394,1364,641,False,False,False,False,False,1,0.192090395480226,0.2077922077922078,Unassigned
394,697,10906_42238,395,1425,641,False,False,False,False,False,1,-0.11864406779661017,-0.11688311688311688,Unassigned
395,697,10906_42238,396,760,645,False,False,False,False,False,1,-0.4689265536723164,-0.474025974025974,Unassigned
396,697,10906_42238,397,1659,647,False,False,False,False,False,1,0.2824858757062147,0.2727272727272727,Unassigned
397,697,10906_42238,398,604,647,False,False,False,False,False,1,-0.22598870056497175,-0.23376623376623376,Unassigned
398,697,10906_42238,399,718,655,False,False,False,False,True,1,-0.3050847457627119,-0.3181818181818182,cd8/pd1-
399,697,10906_42238,400,727,656,False,False,False,False,False,1,-0.2033898305084746,-0.2077922077922078,Unassigned
400,697,10906_42238,401,606,660,False,False,False,False,False,1,-0.5254237288135594,-0.5194805194805194,Unassigned
401,697,10906_42238,402,706,664,False,False,False,False,False,1,-0.15819209039548024,-0.18831168831168832,Unassigned
402,697,10906_42238,403,671,665,False,False,False,False,False,1,-0.4124293785310734,-0.42857142857142855,Unassigned
403,697,10906_42238,404,726,677,False,False,False,False,False,1,0.12994350282485875,0.07142857142857142,Unassigned
404,697,10906_42238,405,534,673,False,False,False,False,False,1,-0.4745762711864407,-0.461038961038961,Unassigned
405,697,10906_42238,406,1153,681,False,False,False,False,False,1,-0.327683615819209,-0.3181818181818182,Unassigned
406,697,10906_42238,407,785,689,False,False,False,False,False,1,0.192090395480226,0.11038961038961038,Unassigned
407,697,10906_42238,408,1169,685,False,False,False,False,True,1,-0.21468926553672316,-0.19480519480519481,cd8/pd1-
408,697,10906_42238,409,1830,705,False,False,False,False,False,1,-0.1016949152542373,-0.09740259740259741,Unassigned
409,697,10906_42238,410,858,705,True,False,False,False,True,1,-0.6666666666666666,-0.6428571428571429,cd8/pd1+
410,697,10906_42238,411,1417,708,False,False,False,False,False,1,-0.3446327683615819,-0.36363636363636365,Unassigned
411,697,10906_42238,412,563,712,False,False,False,False,True,1,-0.14124293785310735,-0.14285714285714285,cd8/pd1-
412,697,10906_42238,413,736,713,True,False,False,False,True,1,-0.4745762711864407,-0.5,cd8/pd1+
413,697,10906_42238,414,855,712,False,False,True,False,False,1,-0.6440677966101694,-0.6233766233766234,foxp3_any
414,697,10906_42238,415,900,718,False,False,False,False,False,1,-0.22033898305084745,-0.21428571428571427,Unassigned
415,697,10906_42238,416,720,725,False,False,False,False,True,1,-0.3107344632768362,-0.3181818181818182,cd8/pd1-
416,697,10906_42238,417,806,728,False,False,False,False,True,1,-0.23728813559322035,-0.2662337662337662,cd8/pd1-
417,697,10906_42238,418,1739,724,False,False,False,False,False,1,-0.2994350282485876,-0.3181818181818182,Unassigned
418,697,10906_42238,419,558,728,False,False,False,False,False,1,-0.5480225988700564,-0.5454545454545454,Unassigned
419,697,10906_42238,420,773,730,False,False,False,False,False,1,-0.4576271186440678,-0.461038961038961,Unassigned
420,697,10906_42238,421,786,734,False,False,False,False,True,1,-0.0847457627118644,-0.09740259740259741,cd8/pd1-
421,697,10906_42238,422,565,734,False,False,False,False,False,1,-0.6384180790960452,-0.6428571428571429,Unassigned
422,697,10906_42238,423,747,753,False,False,False,False,False,1,-0.022598870056497175,-0.09740259740259741,Unassigned
423,697,10906_42238,424,1405,746,False,False,False,False,False,1,-0.2542372881355932,-0.2532467532467532,Unassigned
424,697,10906_42238,425,826,759,True,False,False,False,False,1,-0.4689265536723164,-0.461038961038961,pd1_other
425,697,10906_42238,426,1645,760,False,False,False,False,False,1,-0.192090395480226,-0.18181818181818182,Unassigned
426,697,10906_42238,427,550,776,False,False,False,False,False,1,-0.22033898305084745,-0.22077922077922077,Unassigned
427,697,10906_42238,428,680,783,False,False,False,False,False,1,0.4011299435028249,0.33766233766233766,Unassigned
428,697,10906_42238,429,1641,777,False,False,False,False,False,1,0.06779661016949153,0.07792207792207792,Unassigned
429,697,10906_42238,430,811,778,False,False,False,False,False,1,-0.423728813559322,-0.42857142857142855,Unassigned
430,697,10906_42238,431,713,794,False,False,False,False,False,1,-0.3954802259887006,-0.4025974025974026,Unassigned
431,697,10906_42238,432,973,794,False,False,False,False,False,1,0.0,-0.01948051948051948,Unassigned
432,697,10906_42238,433,938,800,False,False,False,False,True,1,-0.1807909604519774,-0.19480519480519481,cd8/pd1-
433,697,10906_42238,434,1817,798,False,False,False,False,False,1,-0.1694915254237288,-0.18831168831168832,Unassigned
434,697,10906_42238,435,651,800,False,False,False,False,False,1,-0.1751412429378531,-0.17532467532467533,Unassigned
435,697,10906_42238,436,867,805,False,False,False,False,True,1,-0.4858757062146893,-0.487012987012987,cd8/pd1-
436,697,10906_42238,437,815,807,False,False,False,False,False,1,0.0847457627118644,0.05844155844155844,Unassigned
437,697,10906_42238,438,624,813,False,False,False,False,False,1,0.1864406779661017,0.16233766233766234,Unassigned
438,697,10906_42238,439,894,811,False,False,False,False,False,1,-0.2542372881355932,-0.2597402597402597,Unassigned
439,697,10906_42238,440,966,821,False,False,False,False,False,1,-0.4350282485875706,-0.461038961038961,Unassigned
440,697,10906_42238,441,812,819,False,False,False,False,True,1,-0.384180790960452,-0.3961038961038961,cd8/pd1-
441,697,10906_42238,442,876,819,False,False,False,False,False,1,-0.3163841807909605,-0.3181818181818182,Unassigned
442,697,10906_42238,443,1641,820,False,False,False,False,False,1,-0.0847457627118644,-0.09090909090909091,Unassigned
443,697,10906_42238,444,713,829,False,False,False,False,False,1,-0.4067796610169492,-0.3961038961038961,Unassigned
444,697,10906_42238,445,903,835,False,False,False,False,False,1,-0.4915254237288136,-0.474025974025974,Unassigned
445,697,10906_42238,446,968,834,False,False,False,False,False,1,-0.24293785310734464,-0.22077922077922077,Unassigned
446,697,10906_42238,447,865,837,False,False,False,False,True,1,0.12994350282485875,0.11688311688311688,cd8/pd1-
447,697,10906_42238,448,765,839,False,False,False,False,True,1,-0.6497175141242938,-0.6103896103896104,cd8/pd1-
448,697,10906_42238,449,908,840,False,False,False,False,False,1,-0.7005649717514124,-0.6688311688311688,Unassigned
449,697,10906_42238,450,900,843,False,False,False,False,False,1,-0.7231638418079096,-0.6883116883116883,Unassigned
450,697,10906_42238,451,821,849,False,False,False,False,False,1,0.2711864406779661,0.2532467532467532,Unassigned
451,697,10906_42238,452,855,846,False,False,False,False,False,1,-0.3728813559322034,-0.36363636363636365,Unassigned
452,697,10906_42238,453,767,847,False,False,False,False,False,1,-0.7627118644067796,-0.7207792207792207,Unassigned
453,697,10906_42238,454,960,849,False,False,False,False,False,1,0.07344632768361582,0.05194805194805195,Unassigned
454,697,10906_42238,455,868,856,False,False,False,False,True,1,-0.03954802259887006,-0.12987012987012986,cd8/pd1-
455,697,10906_42238,456,688,863,False,False,False,False,False,1,-0.7288135593220338,-0.7012987012987013,Unassigned
456,697,10906_42238,457,677,864,False,False,False,False,False,1,-0.7062146892655368,-0.6883116883116883,Unassigned
457,697,10906_42238,458,913,865,False,False,False,False,False,1,-0.4180790960451977,-0.4155844155844156,Unassigned
458,697,10906_42238,459,1420,874,False,False,False,False,False,1,-0.3050847457627119,-0.2987012987012987,Unassigned
459,697,10906_42238,460,1474,874,False,False,False,False,False,1,-0.5875706214689266,-0.5714285714285714,Unassigned
460,697,10906_42238,461,965,875,False,False,False,False,False,1,-0.3050847457627119,-0.3051948051948052,Unassigned
461,697,10906_42238,462,856,884,False,False,False,False,True,1,-0.4689265536723164,-0.4675324675324675,cd8/pd1-
462,697,10906_42238,463,1477,883,False,False,False,False,False,1,-0.4350282485875706,-0.42857142857142855,Unassigned
463,697,10906_42238,464,828,898,False,False,False,False,False,1,-0.7175141242937854,-0.6818181818181818,Unassigned
464,697,10906_42238,465,738,909,False,False,False,False,False,1,-0.3163841807909605,-0.3181818181818182,Unassigned
465,697,10906_42238,466,828,908,False,False,False,False,False,1,-0.536723163841808,-0.5324675324675324,Unassigned
466,697,10906_42238,467,939,906,True,False,False,False,False,1,-0.4632768361581921,-0.461038961038961,pd1_other
467,697,10906_42238,468,820,909,False,False,False,False,False,1,-0.5649717514124294,-0.5584415584415584,Unassigned
468,697,10906_42238,469,1014,909,False,False,False,False,True,1,-0.4745762711864407,-0.4675324675324675,cd8/pd1-
469,697,10906_42238,470,980,916,False,False,False,False,False,1,-0.3728813559322034,-0.38311688311688313,Unassigned
470,697,10906_42238,471,1822,917,False,True,False,False,False,1,-0.2768361581920904,-0.2792207792207792,pdl1_other
471,697,10906_42238,472,994,921,False,False,True,False,False,1,-0.2542372881355932,-0.2532467532467532,foxp3_any
472,697,10906_42238,473,862,921,True,False,False,False,False,1,-0.3050847457627119,-0.2987012987012987,pd1_other
473,697,10906_42238,474,961,922,False,False,False,False,True,1,-0.2655367231638418,-0.2597402597402597,cd8/pd1-
474,697,10906_42238,475,1026,926,False,False,False,False,False,1,-0.5028248587570622,-0.5,Unassigned
475,697,10906_42238,476,1050,929,False,False,False,False,False,1,-0.15254237288135594,-0.16233766233766234,Unassigned
476,697,10906_42238,477,915,933,False,False,False,False,False,1,-0.4293785310734463,-0.42857142857142855,Unassigned
477,697,10906_42238,478,866,935,False,False,False,False,True,1,-0.423728813559322,-0.42207792207792205,cd8/pd1-
478,697,10906_42238,479,1084,942,False,False,False,False,False,1,-0.4067796610169492,-0.4025974025974026,Unassigned
479,697,10906_42238,480,1833,952,False,False,False,False,False,1,-0.3672316384180791,-0.37012987012987014,Unassigned
480,697,10906_42238,481,995,953,False,False,False,False,False,1,-0.5028248587570622,-0.4935064935064935,Unassigned
481,697,10906_42238,482,1008,955,True,False,False,False,True,1,-0.05084745762711865,-0.05844155844155844,cd8/pd1+
482,697,10906_42238,483,851,956,False,False,False,False,True,1,-0.2655367231638418,-0.2662337662337662,cd8/pd1-
483,697,10906_42238,484,1574,969,False,False,False,False,False,1,0.07909604519774012,0.07792207792207792,Unassigned
484,697,10906_42238,485,845,982,False,False,False,False,False,1,-0.12994350282485875,-0.18831168831168832,Unassigned
485,697,10906_42238,486,737,979,False,False,False,False,False,1,-0.4971751412429379,-0.5,Unassigned
486,697,10906_42238,487,927,990,False,False,False,False,False,1,-0.24293785310734464,-0.24675324675324675,Unassigned
487,697,10906_42238,488,1084,993,False,False,False,False,True,1,-0.480225988700565,-0.44155844155844154,cd8/pd1-
488,697,10906_42238,489,1524,996,False,False,False,False,False,1,-0.5819209039548022,-0.564935064935065,Unassigned
489,697,10906_42238,490,1516,998,False,False,False,False,False,1,-0.6779661016949152,-0.6493506493506493,Unassigned
490,697,10906_42238,491,858,1000,False,False,False,False,False,1,0.02824858757062147,0.025974025974025976,Unassigned
491,697,10906_42238,492,787,1007,False,False,False,False,False,1,-0.3502824858757062,-0.37012987012987014,Unassigned
492,697,10906_42238,493,1113,1012,False,False,False,False,False,1,-0.4350282485875706,-0.42857142857142855,Unassigned
493,697,10906_42238,494,968,1030,False,False,False,False,False,1,-0.20903954802259886,-0.22727272727272727,Unassigned
494,697,10906_42238,495,732,1031,False,False,False,False,False,1,-0.3107344632768362,-0.33766233766233766,Unassigned
495,697,10906_42238,496,902,1031,False,False,False,False,False,1,-0.3389830508474576,-0.35714285714285715,Unassigned
496,697,10906_42238,497,929,1028,False,False,False,False,False,1,-0.2937853107344633,-0.2987012987012987,Unassigned
497,697,10906_42238,498,1103,1033,False,False,False,False,False,1,-0.3163841807909605,-0.3116883116883117,Unassigned
498,697,10906_42238,499,916,1041,False,False,False,False,False,1,-0.22033898305084745,-0.24675324675324675,Unassigned
499,697,10906_42238,500,782,1041,False,False,False,False,False,1,-0.22598870056497175,-0.24025974025974026,Unassigned
500,697,10906_42238,501,1025,1039,False,False,False,False,True,1,-0.3502824858757062,-0.3246753246753247,cd8/pd1-
501,697,10906_42238,502,1102,1051,False,False,False,False,False,1,-0.2542372881355932,-0.24675324675324675,Unassigned
502,697,10906_42238,503,1042,1058,False,False,False,False,False,1,-0.2994350282485876,-0.3051948051948052,Unassigned
503,697,10906_42238,504,911,1064,False,False,False,False,False,1,-0.384180790960452,-0.3961038961038961,Unassigned
504,697,10906_42238,505,1100,1080,False,False,False,False,False,1,-0.24858757062146894,-0.24675324675324675,Unassigned
505,697,10906_42238,506,910,1082,False,False,False,False,False,1,-0.3954802259887006,-0.38961038961038963,Unassigned
506,697,10906_42238,507,921,1090,False,False,False,False,False,1,-0.3220338983050847,-0.3181818181818182,Unassigned
507,697,10906_42238,508,838,1099,False,False,False,False,False,1,0.23728813559322035,0.2012987012987013,Unassigned
508,697,10906_42238,509,1118,1118,False,False,False,False,False,1,0.2033898305084746,0.18831168831168832,Unassigned
509,697,10906_42238,510,914,1118,False,False,False,False,True,1,-0.6384180790960452,-0.6103896103896104,cd8/pd1-
510,697,10906_42238,511,732,1117,False,False,False,False,False,1,-0.6836158192090396,-0.6558441558441559,Unassigned
511,697,10906_42238,512,992,1121,False,False,False,False,False,1,-0.3163841807909605,-0.3246753246753247,Unassigned
512,697,10906_42238,513,909,1124,False,False,False,False,True,1,-0.632768361581921,-0.5909090909090909,cd8/pd1-
513,697,10906_42238,514,872,1132,False,False,False,False,False,1,0.3446327683615819,0.2922077922077922,Unassigned
514,697,10906_42238,515,1057,1128,False,False,False,False,False,1,-0.4124293785310734,-0.42857142857142855,Unassigned
515,697,10906_42238,516,731,1125,False,False,False,False,False,1,-0.6045197740112994,-0.6168831168831169,Unassigned
516,697,10906_42238,517,1091,1126,False,False,False,False,False,1,-0.3728813559322034,-0.37012987012987014,Unassigned
517,697,10906_42238,518,1008,1140,False,False,False,False,False,1,-0.005649717514124294,-0.07792207792207792,Unassigned
518,697,10906_42238,519,908,1132,False,False,False,False,False,1,-0.632768361581921,-0.6103896103896104,Unassigned
519,697,10906_42238,520,722,1139,False,False,False,False,False,1,-0.4293785310734463,-0.44155844155844154,Unassigned
520,697,10906_42238,521,1104,1139,False,False,False,False,False,1,-0.15254237288135594,-0.14935064935064934,Unassigned
521,697,10906_42238,522,812,1151,False,False,False,False,False,1,0.011299435028248588,-0.03896103896103896,Unassigned
522,697,10906_42238,523,1134,1148,False,False,False,False,False,1,-0.005649717514124294,-0.006493506493506494,Unassigned
523,697,10906_42238,524,942,1161,False,False,False,False,False,1,0.11299435028248588,0.03896103896103896,Unassigned
524,697,10906_42238,525,733,1153,False,False,False,False,False,1,-0.7175141242937854,-0.6948051948051948,Unassigned
525,697,10906_42238,526,1125,1163,False,False,False,False,True,1,-0.3502824858757062,-0.33766233766233766,cd8/pd1-
526,697,10906_42238,527,902,1174,True,False,False,False,False,1,-0.480225988700565,-0.4805194805194805,pd1_other
527,697,10906_42238,528,872,1177,False,False,False,False,False,1,-0.12994350282485875,-0.16233766233766234,Unassigned
528,697,10906_42238,529,1161,1172,False,False,False,False,False,1,-0.011299435028248588,-0.012987012987012988,Unassigned
529,697,10906_42238,530,813,1183,False,False,False,False,False,1,0.03954802259887006,-0.025974025974025976,Unassigned
530,697,10906_42238,531,1150,1182,False,False,False,False,False,1,-0.23163841807909605,-0.22727272727272727,Unassigned
531,697,10906_42238,532,1410,1182,False,False,False,False,False,0,-0.4632768361581921,-0.45454545454545453,Unassigned
532,697,10906_42238,533,782,1186,False,False,False,False,False,1,-0.3333333333333333,-0.33766233766233766,Unassigned
533,697,10906_42238,534,892,1185,False,False,False,False,False,1,-0.3050847457627119,-0.3051948051948052,Unassigned
534,697,10906_42238,535,1058,1190,False,False,False,False,True,1,-0.062146892655367235,-0.03896103896103896,cd8/pd1-
535,697,10906_42238,536,1130,1195,True,False,False,False,False,1,-0.3163841807909605,-0.3116883116883117,pd1_other
536,697,10906_42238,537,1162,1198,False,False,False,False,False,1,-0.7231638418079096,-0.6883116883116883,Unassigned
537,697,10906_42238,538,841,1197,False,False,False,False,True,1,-0.5423728813559322,-0.5194805194805194,cd8/pd1-
538,697,10906_42238,539,1167,1202,True,False,False,False,False,1,-0.6384180790960452,-0.6168831168831169,pd1_other
539,697,10906_42238,540,842,1209,False,False,False,False,True,1,-0.4689265536723164,-0.474025974025974,cd8/pd1-
540,697,10906_42238,541,880,1213,True,False,False,False,True,1,-0.14689265536723164,-0.16883116883116883,cd8/pd1+
541,697,10906_42238,542,851,1216,False,False,False,False,True,1,-0.24858757062146894,-0.24025974025974026,cd8/pd1-
542,697,10906_42238,543,1467,1214,False,False,False,False,False,0,-0.480225988700565,-0.4675324675324675,Unassigned
543,697,10906_42238,544,822,1218,False,False,False,False,False,1,-0.3954802259887006,-0.3961038961038961,Unassigned
544,697,10906_42238,545,1176,1229,False,True,False,False,False,1,-0.7344632768361582,-0.7142857142857143,pdl1_other
545,697,10906_42238,546,1053,1230,False,False,False,False,True,1,-0.3163841807909605,-0.2987012987012987,cd8/pd1-
546,697,10906_42238,547,1027,1231,False,False,False,False,True,1,-0.3785310734463277,-0.37662337662337664,cd8/pd1-
547,697,10906_42238,548,1166,1230,False,True,True,False,False,1,-0.15819209039548024,-0.14285714285714285,foxp3_any
548,697,10906_42238,549,1158,1238,False,False,False,False,False,1,-0.327683615819209,-0.3246753246753247,Unassigned
549,697,10906_42238,550,811,1242,False,False,False,False,False,1,-0.5423728813559322,-0.5194805194805194,Unassigned
550,697,10906_42238,551,1035,1245,False,False,False,False,False,1,-0.4124293785310734,-0.4155844155844156,Unassigned
551,697,10906_42238,552,1239,1250,False,False,False,False,False,1,-0.4011299435028249,-0.4025974025974026,Unassigned
552,697,10906_42238,553,815,1251,False,False,False,False,False,1,-0.4915254237288136,-0.487012987012987,Unassigned
553,697,10906_42238,554,864,1249,False,False,False,False,False,1,-0.3672316384180791,-0.37662337662337664,Unassigned
554,697,10906_42238,555,980,1254,False,False,False,False,False,1,-0.1807909604519774,-0.16883116883116883,Unassigned
555,697,10906_42238,556,1252,1265,False,False,False,False,True,1,-0.3785310734463277,-0.37662337662337664,cd8/pd1-
556,697,10906_42238,557,828,1272,False,False,False,False,False,1,-0.3333333333333333,-0.33116883116883117,Unassigned
557,697,10906_42238,558,1064,1273,False,False,False,False,True,1,-0.4406779661016949,-0.44155844155844154,cd8/pd1-
558,697,10906_42238,559,1093,1272,True,False,False,False,True,1,-0.3107344632768362,-0.3246753246753247,cd8/pd1+
559,697,10906_42238,560,1345,1271,False,False,False,False,False,0,-0.3615819209039548,-0.36363636363636365,Unassigned
560,697,10906_42238,561,1001,1276,False,False,False,False,False,1,-0.4406779661016949,-0.42857142857142855,Unassigned
561,697,10906_42238,562,1402,1286,False,False,False,False,False,0,0.655367231638418,0.6168831168831169,Unassigned
562,697,10906_42238,563,992,1286,False,False,True,False,False,1,0.11299435028248588,0.11038961038961038,foxp3_any
563,697,10906_42238,564,870,1288,False,False,False,False,False,1,-0.632768361581921,-0.6233766233766234,Unassigned
564,697,10906_42238,565,1100,1298,True,False,False,False,True,1,-0.3333333333333333,-0.35064935064935066,cd8/pd1+
565,697,10906_42238,566,870,1298,False,False,False,False,False,1,-0.6440677966101694,-0.6233766233766234,Unassigned
566,697,10906_42238,567,1204,1305,False,False,False,False,False,1,-0.423728813559322,-0.4090909090909091,Unassigned
567,697,10906_42238,568,951,1306,False,False,False,False,False,1,-0.12994350282485875,-0.14935064935064934,Unassigned
568,697,10906_42238,569,1210,1312,True,False,False,False,False,1,-0.4124293785310734,-0.4090909090909091,pd1_other
569,697,10906_42238,570,1096,1317,False,False,False,False,False,1,-0.423728813559322,-0.42857142857142855,Unassigned
570,697,10906_42238,571,955,1322,True,False,False,False,False,1,-0.3954802259887006,-0.37662337662337664,pd1_other
571,697,10906_42238,572,874,1328,False,False,False,False,True,1,-0.06779661016949153,-0.09740259740259741,cd8/pd1-
572,697,10906_42238,573,1016,1334,False,False,False,False,False,1,0.11864406779661017,0.07142857142857142,Unassigned
573,697,10906_42238,574,964,1339,False,False,False,False,False,1,0.22598870056497175,0.16883116883116883,Unassigned
574,697,10906_42238,575,1057,1345,False,False,False,False,False,1,-0.3785310734463277,-0.38311688311688313,Unassigned
575,697,10906_42238,576,1204,1352,False,False,False,False,True,1,-0.3559322033898305,-0.35714285714285715,cd8/pd1-
576,697,10906_42238,577,860,1356,False,False,False,False,True,1,-0.2994350282485876,-0.33116883116883117,cd8/pd1-
577,697,10906_42238,578,1027,1355,False,False,False,False,False,1,-0.2598870056497175,-0.2532467532467532,Unassigned
578,697,10906_42238,579,913,1374,False,False,False,False,False,1,-0.288135593220339,-0.2987012987012987,Unassigned
579,697,10906_42238,580,861,1372,False,False,False,False,False,1,-0.5706214689265536,-0.5324675324675324,Unassigned
580,697,10906_42238,581,1155,1378,False,False,False,False,True,1,-0.2824858757062147,-0.2922077922077922,cd8/pd1-
581,697,10906_42238,582,992,1384,False,False,False,False,True,1,-0.2542372881355932,-0.2532467532467532,cd8/pd1-
582,697,10906_42238,583,865,1382,False,False,False,False,True,1,-0.4576271186440678,-0.461038961038961,cd8/pd1-
583,697,10906_42238,584,1213,1389,False,False,False,False,False,1,-0.4971751412429379,-0.461038961038961,Unassigned
584,697,10906_42238,585,576,454,False,False,False,False,True,1,-0.8192090395480226,-0.7792207792207793,cd8/pd1-
585,697,10906_42238,586,575,463,True,False,False,False,False,1,-0.7740112994350282,-0.7272727272727273,pd1_other
586,697,10906_42238,587,648,586,False,False,False,False,True,1,-0.7005649717514124,-0.6753246753246753,cd8/pd1-
587,697,10906_42238,588,542,631,False,False,False,False,False,1,-0.7740112994350282,-0.7337662337662337,Unassigned
588,697,10906_42238,589,569,745,False,False,False,False,False,1,-0.7005649717514124,-0.6753246753246753,Unassigned
589,697,10906_42238,590,817,791,False,False,False,False,True,1,-0.5875706214689266,-0.5714285714285714,cd8/pd1-
590,697,10906_42238,591,805,1154,False,False,False,False,False,1,-0.8022598870056498,-0.7597402597402597,Unassigned
591,697,10906_42238,592,726,1154,False,False,False,False,False,0,-0.768361581920904,-0.7337662337662337,Unassigned
592,697,10906_42238,593,904,1354,False,False,False,False,True,1,-0.24858757062146894,-0.37012987012987014,cd8/pd1-
593,697,10906_42238,594,366,56,False,False,False,False,True,1,-0.536723163841808,-0.5454545454545454,cd8/pd1-
